Model,p-value,y_true,y_pred,residual,absolute_residual,squared_residual,standardized_residual
Model_A,0.7018984575423644,0.4967141530112327,0.3551770788061912,0.14153707420504147,0.14153707420504147,0.020032743374523414,1.491608900796547
Model_A,0.7018984575423644,-0.13826430117118466,-0.18032883344772055,0.04206453227653589,0.04206453227653589,0.00176942487564373,0.44330314939694915
Model_A,0.7018984575423644,0.6476885381006925,0.6134170864480155,0.034271451652676976,0.034271451652676976,0.0011745323983817755,0.36117464357286155
Model_A,0.7018984575423644,1.5230298564080254,1.4428021294858635,0.08022772692216185,0.08022772692216185,0.006436488167096972,0.8454914886428312
Model_A,0.7018984575423644,-0.23415337472333597,-0.2502819458899369,0.016128571166600936,0.016128571166600936,0.0002601308078761111,0.16997327692658767
Model_A,0.7018984575423644,-0.23413695694918055,-0.1937318712677267,-0.040405085681453845,0.040405085681453845,0.0016325709489256265,-0.4258148317563352
Model_A,0.7018984575423644,1.5792128155073915,1.7678314056284445,-0.1886185901210531,0.1886185901210531,0.03557697253925383,-1.987784256955038
Model_A,0.7018984575423644,0.7674347291529088,0.7848925104360926,-0.01745778128318387,0.01745778128318387,0.0003047741273314851,-0.18398134973761446
Model_A,0.7018984575423644,-0.4694743859349521,-0.44371934686267567,-0.025755039072276442,0.025755039072276442,0.0006633220376144862,-0.27142319944325943
Model_A,0.7018984575423644,0.5425600435859647,0.535115452009348,0.007444591576616699,0.007444591576616699,5.542194374263231e-05,0.07845590366231361
Model_A,0.7018984575423644,-0.46341769281246226,-0.6552948143423665,0.19187712152990422,0.19187712152990422,0.03681682976660163,2.022124760884957
Model_A,0.7018984575423644,-0.46572975357025687,-0.46838114111517853,0.0026513875449216684,0.0026513875449216684,7.029855913365752e-06,0.02794203062115718
Model_A,0.7018984575423644,0.24196227156603412,0.24798529256013677,-0.006023020994102651,0.006023020994102651,3.627678189540129e-05,-0.06347447674008777
Model_A,0.7018984575423644,-1.913280244657798,-1.6669560334092692,-0.24632421124852866,0.24632421124852866,0.06067561704720977,-2.5959232804807195
Model_A,0.7018984575423644,-1.7249178325130328,-1.744153928991145,0.019236096478112197,0.019236096478112197,0.00037002740771524046,0.20272238128765308
Model_A,0.7018984575423644,-0.5622875292409727,-0.5321327950076115,-0.030154734233361236,0.030154734233361236,0.000909307996684648,-0.3177900224112011
Model_A,0.7018984575423644,-1.0128311203344238,-1.016302297304948,0.003471176970524237,0.003471176970524237,1.2049069560697818e-05,0.03658149989714511
Model_A,0.7018984575423644,0.3142473325952739,0.19737952883332066,0.11686780376195322,0.11686780376195322,0.013658083556142406,1.231628230885561
Model_A,0.7018984575423644,-0.9080240755212109,-0.7937417940697088,-0.1142822814515021,0.1142822814515021,0.01306043985376034,-1.2043803305517589
Model_A,0.7018984575423644,-1.4123037013352915,-1.3371103980666141,-0.07519330326867735,0.07519330326867735,0.005654032856455283,-0.7924354877745394
Model_A,0.7018984575423644,1.465648768921554,1.5447519636258586,-0.0791031947043046,0.0791031947043046,0.006257315412427124,-0.8336404434321721
Model_A,0.7018984575423644,-0.22577630048653566,-0.3167150459660095,0.09093874547947386,0.09093874547947386,0.008269855429380529,0.9583711048594176
Model_A,0.7018984575423644,0.06752820468792384,0.20780763578153377,-0.14027943109360994,0.14027943109360994,0.019678318787946857,-1.4783550472067861
Model_A,0.7018984575423644,-1.4247481862134568,-1.5649332924926849,0.1401851062792281,0.1401851062792281,0.019651864022518475,1.477360991525699
Model_A,0.7018984575423644,-0.5443827245251827,-0.4856970151451556,-0.05868570938002704,0.05868570938002704,0.0034440124854369938,-0.6184678251437937
Model_A,0.7018984575423644,0.11092258970986608,0.32996815229086396,-0.2190455625809979,0.2190455625809979,0.04798095848642586,-2.3084433012404713
Model_A,0.7018984575423644,-1.1509935774223028,-1.2500472099353717,0.09905363251306887,0.09905363251306887,0.009811622114034094,1.043891014015754
Model_A,0.7018984575423644,0.37569801834567196,0.31906824538539474,0.056629772960277214,0.056629772960277214,0.0032069311855325443,0.5968010422150464
Model_A,0.7018984575423644,-0.600638689918805,-0.5906735534100409,-0.009965136508764072,0.009965136508764072,9.93039456383026e-05,-0.10501903050922093
Model_A,0.7018984575423644,-0.2916937497932768,-0.3420413152048967,0.05034756541161994,0.05034756541161994,0.002534877342877349,0.5305950905316488
Model_A,0.7018984575423644,-0.6017066122293969,-0.7567729553360102,0.15506634310661327,0.15506634310661327,0.02404557076445791,1.63418905534757
Model_A,0.7018984575423644,1.8522781845089378,1.8591344819895406,-0.006856297480602791,0.006856297480602791,4.700881514252018e-05,-0.07225608135547984
Model_A,0.7018984575423644,-0.013497224737933921,-0.11972759611054441,0.10623037137261049,0.10623037137261049,0.011284891801962743,1.1195241131292542
Model_A,0.7018984575423644,-1.0577109289559004,-1.0103516858923822,-0.04735924306351813,0.04735924306351813,0.00224289790354939,-0.4991022238187156
Model_A,0.7018984575423644,0.822544912103189,0.7306024886798087,0.09194242342338033,0.09194242342338033,0.008453409224964155,0.9689485098472814
Model_A,0.7018984575423644,-1.2208436499710222,-1.0658502094692683,-0.1549934405017539,0.1549934405017539,0.024022966598570727,-1.6334207607158613
Model_A,0.7018984575423644,0.2088635950047554,0.1305382657711317,0.0783253292336237,0.0783253292336237,0.006134857199555548,0.8254427958108213
Model_A,0.7018984575423644,-1.9596701238797756,-1.9918762755003432,0.032206151620567613,0.032206151620567613,0.0010372362022069898,0.3394091808627387
Model_A,0.7018984575423644,-1.3281860488984305,-1.2468343271614635,-0.08135172173696703,0.08135172173696703,0.006618102629568914,-0.857336870353801
Model_A,0.7018984575423644,0.19686123586912352,0.07377480422572799,0.12308643164339553,0.12308643164339553,0.01515026965470428,1.2971641390622648
Model_A,0.7018984575423644,0.7384665799954104,0.7612125734558234,-0.02274599346041295,0.02274599346041295,0.0005173802185011487,-0.23971193762180726
Model_A,0.7018984575423644,0.1713682811899705,0.3020825566182133,-0.13071427542824282,0.13071427542824282,0.017086221800730526,-1.3775512725908352
Model_A,0.7018984575423644,-0.11564828238824053,-0.2763966058443633,0.16074832345612278,0.16074832345612278,0.025840023493954273,1.6940694259930835
Model_A,0.7018984575423644,-0.3011036955892888,-0.28264030973605836,-0.01846338585323043,0.01846338585323043,0.00034089661716526956,-0.19457905875334672
Model_A,0.7018984575423644,-1.4785219903674274,-1.452533710942585,-0.025988279424842275,0.025988279424842275,0.0006753906674636804,-0.27388123658911795
Model_A,0.7018984575423644,-0.7198442083947086,-0.6416619212169776,-0.07818228717773101,0.07818228717773101,0.006112470028341204,-0.8239353264431227
Model_A,0.7018984575423644,-0.4606387709597875,-0.5843338420475956,0.12369507108780814,0.12369507108780814,0.01530047061141791,1.303578373761977
Model_A,0.7018984575423644,1.0571222262189157,0.9250765649104881,0.13204566130842765,0.13204566130842765,0.017436056670379986,1.3915822750008582
Model_A,0.7018984575423644,0.3436182895684614,0.3958124461301512,-0.0521941565616898,0.0521941565616898,0.002724229979186186,-0.5500556580970494
Model_A,0.7018984575423644,-1.763040155362734,-1.7333416880394152,-0.02969846732331871,0.02969846732331871,0.0008819989613542292,-0.3129815876743601
Model_A,0.7018984575423644,0.324083969394795,0.34913325442938264,-0.025049285034587643,0.025049285034587643,0.0006274666807440164,-0.2639855085746134
Model_A,0.7018984575423644,-0.38508228041631654,-0.350437459466619,-0.03464482094969756,0.03464482094969756,0.0012002636186366031,-0.3651094498407462
Model_A,0.7018984575423644,-0.6769220003059587,-0.7449244724638078,0.06800247215784905,0.06800247215784905,0.004624336219579035,0.7166538754353029
Model_A,0.7018984575423644,0.6116762888408679,0.6349016585569682,-0.02322536971610034,0.02322536971610034,0.0005394177984495509,-0.24476391353575028
Model_A,0.7018984575423644,1.030999522495951,1.060306769825819,-0.029307247329868114,0.029307247329868114,0.0008589147460540616,-0.30885865926370837
Model_A,0.7018984575423644,0.9312801191161986,0.8598449773135618,0.07143514180263677,0.07143514180263677,0.005102979484362823,0.7528295603179929
Model_A,0.7018984575423644,-0.8392175232226385,-0.6526400721081629,-0.18657745111447566,0.18657745111447566,0.03481114526437455,-1.9662734187024167
Model_A,0.7018984575423644,-0.3092123758512146,-0.26182908376003583,-0.04738329209117875,0.04738329209117875,0.002245176369397963,-0.49935566797047276
Model_A,0.7018984575423644,0.33126343140356396,0.21213308168329909,0.11913034972026487,0.11913034972026487,0.014192040224472612,1.2554723982801044
Model_A,0.7018984575423644,0.9755451271223592,1.0412004879857422,-0.06565536086338297,0.06565536086338297,0.0043106264101010405,-0.6919185040306777
Model_A,0.7018984575423644,-0.47917423784528995,-0.5766424048680221,0.09746816702273214,0.09746816702273214,0.00950004358277121,1.0271823569336807
Model_A,0.7018984575423644,-0.18565897666381712,-0.1069505162895719,-0.07870846037424521,0.07870846037424521,0.006195021734484129,-0.8294804786775413
Model_A,0.7018984575423644,-1.1063349740060282,-0.9904754161052878,-0.11585955790074043,0.11585955790074043,0.013423437156955023,-1.2210026862413528
Model_A,0.7018984575423644,-1.1962066240806708,-1.278274855915842,0.08206823183517109,0.08206823183517109,0.0067351946765513895,0.8648879155198436
Model_A,0.7018984575423644,0.812525822394198,0.9088634353186302,-0.09633761292443221,0.09633761292443221,0.00928093566397773,-1.0152678492661473
Model_A,0.7018984575423644,1.356240028570823,1.3975181212644727,-0.04127809269364979,0.04127809269364979,0.0017038809364255444,-0.43501514225563825
Model_A,0.7018984575423644,-0.07201012158033385,0.010195894419115156,-0.082206015999449,0.082206015999449,0.006757829066501665,-0.8663399738372849
Model_A,0.7018984575423644,1.0035328978920242,1.193212196157419,-0.18967929826539476,0.18967929826539476,0.03597823619045259,-1.998962682947901
Model_A,0.7018984575423644,0.36163602504763415,0.3370972134473471,0.024538811600287036,0.024538811600287036,0.0006021532747543816,0.25860581055203097
Model_A,0.7018984575423644,-0.6451197546051243,-0.7204933710408732,0.07537361643574891,0.07537361643574891,0.005681182054603399,0.7943357441310127
Model_A,0.7018984575423644,0.36139560550841393,0.27244416254586157,0.08895144296255236,0.08895144296255236,0.007912359205120206,0.9374276302294333
Model_A,0.7018984575423644,1.5380365664659692,1.4564555379694253,0.08158102849654392,0.08158102849654392,0.006655464210553911,0.8597534527617586
Model_A,0.7018984575423644,-0.03582603910995154,-0.04353621005136196,0.007710170941410424,0.007710170941410424,5.9446735945769705e-05,0.08125475015973614
Model_A,0.7018984575423644,1.5646436558140062,1.5987588532956707,-0.03411519748166447,0.03411519748166447,0.001163846699212966,-0.35952793642155223
Model_A,0.7018984575423644,-2.6197451040897444,-2.5920760241567424,-0.02766907993300194,0.02766907993300194,0.0007655779843388506,-0.2915945955271608
Model_A,0.7018984575423644,0.8219025043752238,0.9046208292788263,-0.08271832490360242,0.08271832490360242,0.0068423212748579335,-0.8717390152240352
Model_A,0.7018984575423644,0.08704706823817122,0.08834725742596193,-0.0013001891877907068,0.0013001891877907068,1.6904919240478579e-06,-0.013702231561029201
Model_A,0.7018984575423644,-0.29900735046586746,-0.15365394275013577,-0.1453534077157317,0.1453534077157317,0.02112761313457573,-1.53182788274828
Model_A,0.7018984575423644,0.0917607765355023,0.06529509321170669,0.026465683323795605,0.026465683323795605,0.0007004323937954328,0.2789124265367225
Model_A,0.7018984575423644,-1.9875689146008928,-1.715551997941931,-0.2720169166589619,0.2720169166589619,0.07399320294864861,-2.8666895676248743
Model_A,0.7018984575423644,-0.21967188783751193,-0.1571051530610113,-0.06256673477650063,0.06256673477650063,0.003914596300592973,-0.6593685718782577
Model_A,0.7018984575423644,0.3571125715117464,0.27139681587011816,0.08571575564162826,0.08571575564162826,0.007347190765215326,0.9033278720198417
Model_A,0.7018984575423644,1.477894044741516,1.3708047949354047,0.10708924980611134,0.10708924980611134,0.011468107424035718,1.1285755275611802
Model_A,0.7018984575423644,-0.5182702182736474,-0.47002297674932886,-0.04824724152431853,0.04824724152431853,0.0023277963147059263,-0.5084605238645726
Model_A,0.7018984575423644,-0.8084936028931876,-0.8308398814257727,0.022346278532585084,0.022346278532585084,0.000499356164255873,0.23549948411817212
Model_A,0.7018984575423644,-0.5017570435845365,-0.43035699417532736,-0.07140004940920919,0.07140004940920919,0.005097967055637513,-0.7524597340609444
Model_A,0.7018984575423644,0.9154021177020741,0.9627258801594286,-0.04732376245735448,0.04732376245735448,0.0022395384931201134,-0.49872830632567283
Model_A,0.7018984575423644,0.32875110965968446,0.3214682183939972,0.0072828912656872635,0.0072828912656872635,5.304050518782383e-05,0.07675180157882344
Model_A,0.7018984575423644,-0.5297602037670388,-0.6144395755738793,0.08467937180684049,0.08467937180684049,0.007170596009601131,0.8924057912767311
Model_A,0.7018984575423644,0.5132674331133561,0.36178271064476963,0.15148472246858646,0.15148472246858646,0.022947621141384666,1.5964436289074415
Model_A,0.7018984575423644,0.09707754934804039,0.052426054141338274,0.04465149520670211,0.04465149520670211,0.0019937560241941417,0.4705662319097089
Model_A,0.7018984575423644,0.9686449905328892,1.0542848699652365,-0.0856398794323473,0.0856398794323473,0.007334188949186982,-0.9025282396284146
Model_A,0.7018984575423644,-0.7020530938773524,-0.680643719464332,-0.021409374413020377,0.021409374413020377,0.0004583613127568916,-0.22562578472326197
Model_A,0.7018984575423644,-0.3276621465977682,-0.45223602446896705,0.12457387787119883,0.12457387787119883,0.015518651047868363,1.3128398059877624
Model_A,0.7018984575423644,-0.39210815313215763,-0.37479006054703945,-0.017318092585118183,0.017318092585118183,0.0002999163307867254,-0.18250922021575072
Model_A,0.7018984575423644,-1.4635149481321186,-1.4249832101592348,-0.038531737972883784,0.038531737972883784,0.0014846948312109741,-0.4060722863343359
Model_A,0.7018984575423644,0.29612027706457605,0.20773453344446274,0.08838574362011331,0.08838574362011331,0.007812039675280401,0.9314659259968415
Model_A,0.7018984575423644,0.26105527217988933,0.27642778277444213,-0.015372510594552802,0.015372510594552802,0.00023631408197963814,-0.16200542337908122
Model_A,0.7018984575423644,0.00511345664246089,0.01093432848706088,-0.00582087184459999,0.00582087184459999,3.3882549031256885e-05,-0.06134409872867144
Model_A,0.7018984575423644,-0.23458713337514692,-0.34888416315820925,0.11429702978306233,0.11429702978306233,0.013063811017230238,1.2045357579742253
Model_B,0.28653017442627243,0.8724471576604531,0.5641171804921199,0.3083299771683332,0.3083299771683332,0.09506737482062488,1.0165828147034708
Model_B,0.28653017442627243,1.0661985440977382,1.0853462988275455,-0.019147754729807342,0.019147754729807342,0.00036663651119285946,-0.0631313198192602
Model_B,0.28653017442627243,-0.9590080964267789,-0.4566345219735579,-0.502373574453221,0.502373574453221,0.2523792083089059,-1.6563564368296215
Model_B,0.28653017442627243,1.3820046041719432,1.0177001082426993,0.36430449592924385,0.36430449592924385,0.13271776575426045,1.2011342305477128
Model_B,0.28653017442627243,0.9051219599565592,0.6425144974109882,0.262607462545571,0.262607462545571,0.06896267938462347,0.8658328842640052
Model_B,0.28653017442627243,-0.6039043724845287,-0.43079888679312967,-0.173105485691399,0.173105485691399,0.029965509176455143,-0.5707393860983533
Model_B,0.28653017442627243,0.30444911987085255,0.2459885977113271,0.058460522159525435,0.058460522159525435,0.0034176326511643645,0.1927479212750018
Model_B,0.28653017442627243,0.2572074909801068,0.39195280957890133,-0.13474531859879452,0.13474531859879452,0.01815630088429064,-0.44426356628468255
Model_B,0.28653017442627243,0.02393181446583695,-0.08549216714475241,0.10942398161058936,0.10942398161058936,0.011973607751514598,0.3607775677323224
Model_B,0.28653017442627243,0.8719139888123928,0.887359788606114,-0.015445799793721182,0.015445799793721182,0.00023857273126771732,-0.05092574771305766
Model_B,0.28653017442627243,1.4373563283335271,1.1020401030928708,0.3353162252406563,0.3353162252406563,0.11243697090964255,1.105558127047722
Model_B,0.28653017442627243,0.007306372740632225,0.17664004040607698,-0.16933366766544475,0.16933366766544475,0.028673891005031288,-0.5583034711069268
Model_B,0.28653017442627243,1.3308813279720855,1.01049696991996,0.3203843580521255,0.3203843580521255,0.10264613688447256,1.0563268466036289
Model_B,0.28653017442627243,0.9882026105041117,0.6679431518216139,0.32025945868249783,0.32025945868249783,0.10256612087560654,1.0559150457339994
Model_B,0.28653017442627243,0.23229615817640498,0.5683004545091181,-0.33600429633271317,0.33600429633271317,0.11289888715404173,-1.107826739570913
Model_B,0.28653017442627243,0.17618092205232136,0.3539901541512407,-0.17780923209891933,0.17780923209891933,0.03161612301960736,-0.5862479260286039
Model_B,0.28653017442627243,-1.152565371660015,-1.280461317355055,0.12789594569503993,0.12789594569503993,0.0163573729252286,0.42168076441313085
Model_B,0.28653017442627243,-1.500768393207174,-1.2899694169237208,-0.21079897628345323,0.21079897628345323,0.04443620840215188,-0.6950171326670861
Model_B,0.28653017442627243,0.16502279810933854,0.37300282284318564,-0.2079800247338471,0.2079800247338471,0.04325569068829165,-0.6857228767950831
Model_B,0.28653017442627243,-0.8559289178293682,-0.924075228106199,0.06814631027683082,0.06814631027683082,0.004643919604346098,0.22468255778793508
Model_B,0.28653017442627243,-0.03963614203961917,0.1224267522729269,-0.16206289431254606,0.16206289431254606,0.026264381712959473,-0.5343312861509196
Model_B,0.28653017442627243,-0.5346627418500639,-0.29431897278609287,-0.24034376906397104,0.24034376906397104,0.05776512732787544,-0.7924281235817062
Model_B,0.28653017442627243,-1.7884965049804966,-1.5706265196027809,-0.21786998537771574,0.21786998537771574,0.04746733052848607,-0.7183306826301984
Model_B,0.28653017442627243,0.3573045419366339,0.2840802243001456,0.07322431763648829,0.07322431763648829,0.00536180069332933,0.24142505899451483
Model_B,0.28653017442627243,-0.4145318053898915,-0.7496289940379691,0.33509718864807764,0.33509718864807764,0.11229012583984534,1.1048359499897153
Model_B,0.28653017442627243,0.08019871254081459,0.4182452733459954,-0.3380465608051808,0.3380465608051808,0.11427547727221081,-1.1145602105906853
Model_B,0.28653017442627243,-0.8931202736292231,-0.776314720742763,-0.1168055528864601,0.1168055528864601,0.013643537185111628,-0.3851150602248612
Model_B,0.28653017442627243,-0.33481724739473373,-0.1070911876405353,-0.22772605975419843,0.22772605975419843,0.051859158291172755,-0.7508267633667832
Model_B,0.28653017442627243,1.560380141132879,1.371072381201388,0.18930775993149096,0.18930775993149096,0.035837427970279015,0.6241592763823196
Model_B,0.28653017442627243,0.12855100007108114,0.37441695767686256,-0.24586595760578142,0.24586595760578142,0.06045006910940791,-0.810635117344405
Model_B,0.28653017442627243,0.5495763450626673,0.3530003946696218,0.19657595039304548,0.19657595039304548,0.03864210427292908,0.6481229453874068
Model_B,0.28653017442627243,-1.2708718068760398,-0.9759328999953385,-0.29493890688070135,0.29493890688070135,0.08698895879198303,-0.9724316359893079
Model_B,0.28653017442627243,2.3890359573924624,2.0230506064368754,0.36598535095558704,0.36598535095558704,0.13394527711408422,1.2066761124934167
Model_B,0.28653017442627243,1.8434137583205332,1.6492393249425226,0.19417443337801066,0.19417443337801066,0.0377037105776715,0.6402049967366679
Model_B,0.28653017442627243,1.3634354909517044,1.3216192604431483,0.041816230508556096,0.041816230508556096,0.0017485971339446975,0.13787067252130625
Model_B,0.28653017442627243,0.8287659776048749,0.5675364359688359,0.26122954163603906,0.26122954163603906,0.06824087342337506,0.8612897946510027
Model_B,0.28653017442627243,0.015143278259864286,-0.12073086605299313,0.1358741443128574,0.1358741443128574,0.0184617830927512,0.4479853737853694
Model_B,0.28653017442627243,0.4420740168667314,0.6256814867430194,-0.18360746987628795,0.18360746987628795,0.03371170299437199,-0.6053650710242698
Model_B,0.28653017442627243,1.0480197439949521,0.43100060820153396,0.6170191357934182,0.6170191357934182,0.3807126139352566,2.0343498726636216
Model_B,0.28653017442627243,-0.6285697474757065,-0.18884934187203073,-0.43972040560367576,0.43972040560367576,0.19335403510426113,-1.4497851026891542
Model_B,0.28653017442627243,-0.4444987442191827,-0.4160638437906078,-0.028434900428574883,0.028434900428574883,0.0008085435623829681,-0.09375160786819009
Model_B,0.28653017442627243,-1.6691323590905318,-1.3362184530704848,-0.332913906020047,0.332913906020047,0.11083166882152469,-1.0976375334760826
Model_B,0.28653017442627243,-0.7718190777567552,-0.7539237824294349,-0.01789529532732026,0.01789529532732026,0.00032024159485201034,-0.05900188447737315
Model_B,0.28653017442627243,1.6613017306081541,1.319402287379361,0.3418994432287932,0.3418994432287932,0.11689522928015877,1.1272633998650095
Model_B,0.28653017442627243,-0.33424709115036766,-0.013170027724111188,-0.32107706342625647,0.32107706342625647,0.10309048065842832,-1.0586107386385892
Model_B,0.28653017442627243,-0.3178469065105834,-0.10010490491565882,-0.21774200159492457,0.21774200159492457,0.04741157925856414,-0.7179087122615008
Model_B,0.28653017442627243,0.31776703243711857,0.3527509227097759,-0.03498389027265736,0.03498389027265736,0.0012238725786093301,-0.11534402839863721
Model_B,0.28653017442627243,-1.6122273071745234,-1.2720072445132702,-0.34022006266125326,0.34022006266125326,0.1157496910372271,-1.1217263793002659
Model_B,0.28653017442627243,0.9453816900875672,0.4671833575756373,0.47819833251192995,0.47819833251192995,0.22867364521719033,1.5766491838258125
Model_B,0.28653017442627243,1.266406855372875,0.8442981015947519,0.42210875377812296,0.42210875377812296,0.17817580001612005,1.39171840820546
Model_B,0.28653017442627243,0.3772962654604092,0.2331967650420938,0.14409950041831537,0.14409950041831537,0.02076466602080807,0.47510487652856104
Model_B,0.28653017442627243,1.65135098647949,1.41261608006936,0.23873490641013007,0.23873490641013007,0.05699435553865356,0.7871236048964536
Model_B,0.28653017442627243,-1.326831766135897,-1.047534880004942,-0.27929688613095505,0.27929688613095505,0.07800675060244767,-0.9208589357690313
Model_B,0.28653017442627243,1.8437157977518461,1.67167349947317,0.17204229827867623,0.17204229827867623,0.029598552397009002,0.567233992096417
Model_B,0.28653017442627243,-0.7307414032296535,-0.48986764503820995,-0.24087375819144358,0.24087375819144358,0.05802016738527003,-0.7941755301878246
Model_B,0.28653017442627243,-1.27991973326313,-1.0130656710227899,-0.26685406224034014,0.26685406224034014,0.07121109053417132,-0.8798341834898358
Model_B,0.28653017442627243,-0.237391961206669,0.26523869054810556,-0.5026306517547745,0.5026306517547745,0.2526375720834294,-1.6572040364344665
Model_B,0.28653017442627243,1.8720056804723042,1.5788498813878291,0.2931557990844751,0.2931557990844751,0.08594032253685713,0.9665526204000525
Model_B,0.28653017442627243,-0.019442140899548193,-0.10194215304131302,0.08250001214176482,0.08250001214176482,0.006806252003391342,0.27200759175731354
Model_B,0.28653017442627243,-0.9325916565610811,-0.37407992395147893,-0.5585117326096022,0.5585117326096022,0.3119353554625798,-1.8414473817808668
Model_B,0.28653017442627243,-1.2949424744798599,-0.7958716699012083,-0.4990708045786516,0.4990708045786516,0.24907166798278266,-1.6454670023145517
Model_B,0.28653017442627243,-0.10511850474641372,0.2791227542516321,-0.3842412589980458,0.3842412589980458,0.1476413451164033,-1.2668669591740114
Model_B,0.28653017442627243,-1.9949615715576492,-1.6181556443720215,-0.37680592718562766,0.37680592718562766,0.14198270676222055,-1.2423522149005553
Model_B,0.28653017442627243,-1.3001928415934398,-0.8448924479785314,-0.4553003936149085,0.4553003936149085,0.2072984484258906,-1.5011532771720988
Model_B,0.28653017442627243,1.5430676518590838,0.943884229672795,0.5991834221862888,0.5991834221862888,0.3590207734228725,1.9755444327660874
Model_B,0.28653017442627243,1.3232638071512366,1.2154123279038231,0.10785147924741345,0.10785147924741345,0.011631941575855254,0.3555929311518433
Model_B,0.28653017442627243,-0.1284121465397082,-0.13427450888258724,0.005862362342879041,0.005862362342879041,3.4367292239206235e-05,0.01932856761469537
Model_B,0.28653017442627243,-0.4656647712545464,-0.6435434081072235,0.17787863685267713,0.17787863685267713,0.031640809448566586,0.5864767577516069
Model_B,0.28653017442627243,0.05850890230684416,0.25332720264907066,-0.1948183003422265,0.1948183003422265,0.03795417014823397,-0.6423278655436141
Model_B,0.28653017442627243,2.3479969284503226,1.516371277761055,0.8316256506892676,0.8316256506892676,0.6916012228843478,2.741920693282913
Model_B,0.28653017442627243,0.4049755087705251,-0.0585608963964237,0.46353640516694883,0.46353640516694883,0.21486599891509775,1.528307911575138
Model_B,0.28653017442627243,0.9097381749598169,0.800285831728914,0.10945234323090292,0.10945234323090292,0.01197981543873538,0.36087107773116417
Model_B,0.28653017442627243,-0.20245752583155116,-0.04769651859988333,-0.15476100723166783,0.15476100723166783,0.023950969359360343,-0.510256517328576
Model_B,0.28653017442627243,0.060896607117160384,0.24282204969637045,-0.18192544257921006,0.18192544257921006,0.03309686665764146,-0.599819324030172
Model_B,0.28653017442627243,0.6471626967870439,0.6661227607355282,-0.018960063948484374,0.018960063948484374,0.00035948402493061685,-0.0625124918203627
Model_B,0.28653017442627243,0.12609482782402903,0.39620758734514905,-0.27011275952112,0.27011275952112,0.07296090285611441,-0.8905783079644831
Model_B,0.28653017442627243,-1.8973769824886577,-1.3778529953184424,-0.5195239871702153,0.5195239871702153,0.26990517324523805,-1.7129023977293292
Model_B,0.28653017442627243,1.2805407616774638,0.9979727205534786,0.28256804112398515,0.28256804112398515,0.07984469786464617,0.9316441340837911
Model_B,0.28653017442627243,-0.6151336777713305,-0.5068291653754458,-0.10830451239588479,0.10830451239588479,0.011729867405310361,-0.35708660918294677
Model_B,0.28653017442627243,2.111317641616252,1.6326098754955594,0.47870776612069244,0.47870776612069244,0.22916112534426356,1.578328817628067
Model_B,0.28653017442627243,0.6868485127659709,0.6085743150974134,0.07827419766855748,0.07827419766855748,0.0061268500206564085,0.2580748226797145
Model_B,0.28653017442627243,0.07097241563974602,-0.1626912412015349,0.2336636568412809,0.2336636568412809,0.05459870452843988,0.7704033845399688
Model_B,0.28653017442627243,0.4393271401034342,0.4196461517945381,0.019680988308896086,0.019680988308896086,0.00038734130081490443,0.06488942358102481
Model_B,0.28653017442627243,-0.10849788856351314,-0.10408101221713323,-0.004416876346379911,0.004416876346379911,1.950879665921035e-05,-0.014562711772746909
Model_B,0.28653017442627243,-0.4864327660523606,-0.33401918126440694,-0.15241358478795364,0.15241358478795364,0.02322990082791473,-0.5025169217918558
Model_B,0.28653017442627243,0.2075982612857199,0.22182321602270816,-0.01422495473698826,0.01422495473698826,0.00020234933726936475,-0.046900546804964326
Model_B,0.28653017442627243,0.8849904671866655,0.21753945348618575,0.6674510137004798,0.6674510137004798,0.445490855689798,2.200626862220017
Model_B,0.28653017442627243,-0.4645297486449678,-0.5518825626489079,0.08735281400394007,0.08735281400394007,0.007630514114406949,0.28800757664867893
Model_B,0.28653017442627243,-0.6222371649062791,-0.5195154647427944,-0.1027217001634847,0.1027217001634847,0.010551747684476852,-0.3386797354002014
Model_B,0.28653017442627243,-0.35548864091635973,-0.29548790439262257,-0.060000736523737164,0.060000736523737164,0.003600088383390927,-0.1978261023458039
Model_B,0.28653017442627243,0.9520110938466946,0.8134867368772946,0.13852435696940002,0.13852435696940002,0.019188997473785763,0.4567232871945478
Model_B,0.28653017442627243,1.452550247462371,1.2225098560362255,0.23004039142614552,0.23004039142614552,0.05291858168749424,0.758457256602739
Model_B,0.28653017442627243,0.3620139119424706,0.5928577941407558,-0.23084388219828517,0.23084388219828517,0.05328889794837576,-0.7611064148786599
Model_B,0.28653017442627243,0.5813141340357241,0.5275430034481687,0.05377113058755534,0.05377113058755534,0.0028913344846639294,0.1772867101165504
Model_B,0.28653017442627243,-0.6297008572651128,-0.5663654274553784,-0.06333542980973439,0.06333542980973439,0.004011376669183791,-0.2088207903031187
Model_B,0.28653017442627243,0.8767546499523254,0.38157902545436384,0.4951756244979616,0.4951756244979616,0.24519889909694625,1.6326243550748287
Model_B,0.28653017442627243,0.5517370104650744,0.16767158526368808,0.3840654252013863,0.3840654252013863,0.14750625083512167,1.2662872243795886
Model_B,0.28653017442627243,-0.7101279579274838,-0.46100400434694616,-0.24912395358053768,0.24912395358053768,0.0620627442475979,-0.8213769295701493
Model_B,0.28653017442627243,-1.787671611931782,-1.218047926723332,-0.56962368520845,0.56962368520845,0.3244711427504553,-1.8780841699178212
Model_B,0.28653017442627243,-1.2205701042818544,-0.6681818840418471,-0.5523882202400073,0.5523882202400073,0.30513274585992284,-1.8212577865370811
Model_C,0.025294433944223302,0.33231401197959165,0.15928261280909184,0.1730313991704998,0.1730313991704998,0.029939865098900842,0.6010953891297258
Model_C,0.025294433944223302,-0.7484865365565536,-0.5218691688088268,-0.22661736774772678,0.22661736774772678,0.05135543136490844,-0.7872481844503167
Model_C,0.025294433944223302,1.551151975522523,1.701427131809837,-0.15027515628731414,0.15027515628731414,0.02258262259717669,-0.5220422650344828
Model_C,0.025294433944223302,0.11567463429285867,-0.17759193914670662,0.2932665734395653,0.2932665734395653,0.08600528309698395,1.0187814808495814
Model_C,0.025294433944223302,1.1792971840638264,1.2090968756925942,-0.02979969162876772,0.02979969162876772,0.000888021621169649,-0.10352142629263249
Model_C,0.025294433944223302,0.06751848141010895,0.29293461842164564,-0.22541613701153668,0.22541613701153668,0.050812434825203874,-0.783075217808041
Model_C,0.025294433944223302,2.060747924881987,1.5599263405455757,0.5008215843364114,0.5008215843364114,0.2508222593372333,1.7398087662957864
Model_C,0.025294433944223302,1.7553408424432044,1.918348900157185,-0.16300805771398053,0.16300805771398053,0.026571626879684406,-0.5662752098901779
Model_C,0.025294433944223302,-0.2489641484790735,-0.4477512761628275,0.198787127683754,0.198787127683754,0.03951632213275712,0.6905684542913788
Model_C,0.025294433944223302,0.9715709509543554,1.1427505515323033,-0.1711796005779479,0.1711796005779479,0.02930245565402578,-0.5946624087520832
Model_C,0.025294433944223302,0.6453759495851475,0.41639820262239247,0.22897774696275508,0.22897774696275508,0.05243080860413949,0.7954479277891144
Model_C,0.025294433944223302,1.3686315575323487,0.827166927332993,0.5414646301993556,0.5414646301993556,0.29318394575692497,1.8809990218535702
Model_C,0.025294433944223302,-0.9649234605801045,-1.4531861919450533,0.4882627313649488,0.4882627313649488,0.23840049483996015,1.6961804499896476
Model_C,0.025294433944223302,0.6860514599984393,0.7004769439968539,-0.01442548399841459,0.01442548399841459,0.0002080945885885154,-0.0501128232157877
Model_C,0.025294433944223302,1.0584244868495878,1.1363412373660324,-0.07791675051644464,0.07791675051644464,0.0060710200110418765,-0.27067572530726575
Model_C,0.025294433944223302,-1.7587394864231143,-2.0300344739544367,0.2712949875313224,0.2712949875313224,0.07360097025962038,0.9424541839276009
Model_C,0.025294433944223302,-1.183258512665775,-0.9916807750325629,-0.19157773763321218,0.19157773763321218,0.03670202955665988,-0.6655236870491726
Model_C,0.025294433944223302,-2.0392321777601006,-2.5376881964407887,0.4984560186806881,0.4984560186806881,0.2484584025590025,1.7315910057323536
Model_C,0.025294433944223302,-0.26940683444455776,-0.28923077403875275,0.019823939594194984,0.019823939594194984,0.0003929885810342916,0.06886656838921516
Model_C,0.025294433944223302,0.7175422557959623,0.3542373958672253,0.363304859928737,0.363304859928737,0.13199042124783922,1.262088136595364
Model_C,0.025294433944223302,1.502357052096028,1.3068062197553805,0.19555083234064763,0.19555083234064763,0.03824012802912008,0.6793258577572874
Model_C,0.025294433944223302,0.07409478041977519,0.08831438181469939,-0.014219601394924203,0.014219601394924203,0.00020219706383053034,-0.049397605722006986
Model_C,0.025294433944223302,1.6286155455712918,1.370491535986106,0.2581240095851858,0.2581240095851858,0.06662800432433308,0.8966994009708333
Model_C,0.025294433944223302,-1.3801014582148914,-1.495468121483839,0.11536666326894762,0.11536666326894762,0.013309466993810748,0.40077332601301074
Model_C,0.025294433944223302,-1.7033824393551547,-1.4014945965908225,-0.3018878427643321,0.3018878427643321,0.09113626960890212,-1.048730988652246
Model_C,0.025294433944223302,-0.05554769889661878,-0.2286152597535634,0.1730675608569446,0.1730675608569446,0.029952380620972226,0.6012210115490632
Model_C,0.025294433944223302,0.3840654489393073,0.6347730825588498,-0.2507076336195425,0.2507076336195425,0.06285431755511077,-0.8709355834303651
Model_C,0.025294433944223302,-0.03269474809409311,-0.37160680449137856,0.33891205639728544,0.33891205639728544,0.11486138197143679,1.1773497492217813
Model_C,0.025294433944223302,-2.0674421000398766,-1.9085008466652917,-0.15894125337458487,0.15894125337458487,0.025262322024283985,-0.5521475004188193
Model_C,0.025294433944223302,-0.08912003951278841,0.3433505466845817,-0.4324705861973701,0.4324705861973701,0.18703080792589694,-1.50236359726431
Model_C,0.025294433944223302,-1.3044695005048532,-2.04596285054304,0.7414933500381866,0.7414933500381866,0.5498123881508528,2.575880654696207
Model_C,0.025294433944223302,0.6696725488300385,0.43060397218889546,0.239068576641143,0.239068576641143,0.05715378433722207,0.8305025549911725
Model_C,0.025294433944223302,0.36659824609684827,0.5397198842510103,-0.17312163815416198,0.17312163815416198,0.029971101597180593,-0.6014088711755229
Model_C,0.025294433944223302,-0.9398797863273552,-1.0007934021402531,0.06091361581289789,0.06091361581289789,0.003710468591401324,0.21160837729962115
Model_C,0.025294433944223302,-0.5138669173366935,-0.4025231553253009,-0.11134376201139262,0.11134376201139262,0.012397433338849639,-0.38679813186655576
Model_C,0.025294433944223302,-1.0592135218889516,-1.2404090779036978,0.18119555601474624,0.18119555601474624,0.03283182951949304,0.629456929628932
Model_C,0.025294433944223302,-0.06267909727317188,-0.0367021610313019,-0.025976936241869975,0.025976936241869975,0.0006748012165141777,-0.09024152075033935
Model_C,0.025294433944223302,0.9551423205012383,0.9084391498836144,0.04670317061762386,0.04670317061762386,0.0021811861457388844,0.1622425793848564
Model_C,0.025294433944223302,-0.9857260463355437,-0.6353914278376016,-0.3503346184979421,0.3503346184979421,0.12273434491809865,-1.2170306940888287
Model_C,0.025294433944223302,0.5040465155178444,0.5803727685082083,-0.07632625299036389,0.07632625299036389,0.005825696895549032,-0.2651504811381001
Model_C,0.025294433944223302,-0.5302576183724408,-0.4289768197498801,-0.10128079862256067,0.10128079862256067,0.010257800169623688,-0.35184030962732266
Model_C,0.025294433944223302,-0.7928728322623442,-0.9164359220990844,0.12356308983674025,0.12356308983674025,0.015267837170002341,0.4292469686053924
Model_C,0.025294433944223302,-0.10703035995455783,-0.25331222717630586,0.14628186722174802,0.14628186722174802,0.02139838467788112,0.5081699409575752
Model_C,0.025294433944223302,-1.035242322419374,-1.1650097787652602,0.12976745634588616,0.12976745634588616,0.01683959272648147,0.45080037520672056
Model_C,0.025294433944223302,-0.553649305347182,-0.435313662633693,-0.11833564271348906,0.11833564271348906,0.014003324336414538,-0.4110872913573947
Model_C,0.025294433944223302,-1.1978778925888485,-1.3241732368349273,0.1262953442460788,0.1262953442460788,0.01595051397823555,0.4387385726452144
Model_C,0.025294433944223302,1.9647251329163893,2.051657589985313,-0.08693245706892383,0.08693245706892383,0.007557252092040285,-0.3019954722689249
Model_C,0.025294433944223302,0.03526355197172861,0.6578837915653603,-0.6226202395936317,0.6226202395936317,0.3876559627516313,-2.1629262491820844
Model_C,0.025294433944223302,-0.6997255079925856,-0.4383880969630779,-0.2613374110295077,0.2613374110295077,0.06829724240360585,-0.907862466176712
Model_C,0.025294433944223302,0.213979910734222,0.11617285108386967,0.09780705965035234,0.09780705965035234,0.009566220917447582,0.3397728554586306
Model_C,0.025294433944223302,-0.11232804969082982,0.24803612695835364,-0.36036417664918347,0.36036417664918347,0.1298623398120439,-1.2518724695620718
Model_C,0.025294433944223302,-0.22096959953322298,-0.3433922114396884,0.12242261190646542,0.12242261190646542,0.014987295906001048,0.4252850517014153
Model_C,0.025294433944223302,0.6141667000434252,0.002729339490069038,0.6114373605533562,0.6114373605533562,0.3738556458804549,2.1240779415308157
Model_C,0.025294433944223302,0.7575077100473051,0.45508181677208387,0.30242589327522124,0.30242589327522124,0.09146142092331551,1.05060012733323
Model_C,0.025294433944223302,-0.5305011476105275,-1.0917387239182843,0.5612375763077568,0.5612375763077568,0.31498761705980516,1.9496884434975514
Model_C,0.025294433944223302,-0.57581824064468,-0.6812722858570726,0.10545404521239254,0.10545404521239254,0.011120555651657331,0.3663377898238358
Model_C,0.025294433944223302,-0.275051697151644,-0.2695261833947785,-0.005525513756865497,0.005525513756865497,3.0531302277309855e-05,-0.01919513370259436
Model_C,0.025294433944223302,-2.301921164735585,-1.798989971053,-0.5029311936825849,0.5029311936825849,0.2529397855789897,-1.74713735785159
Model_C,0.025294433944223302,-1.5151910621985523,-1.4171128500693035,-0.09807821212924872,0.09807821212924872,0.00961933569446991,-0.340714814580484
Model_C,0.025294433944223302,1.3668742674445247,1.3011441088018654,0.0657301586426593,0.0657301586426593,0.004320453755189159,0.22834061029545205
Model_C,0.025294433944223302,1.6449677135012837,1.8937893878563303,-0.24882167435504665,0.24882167435504665,0.06191222562884888,-0.8643839319762964
Model_C,0.025294433944223302,-0.24903603955637832,-0.9123766322587439,0.6633405927023656,0.6633405927023656,0.44002074192672563,2.3043850631010283
Model_C,0.025294433944223302,0.5765569630557664,0.6472413304883362,-0.07068436743256978,0.07068436743256978,0.004996279799342532,-0.24555108235241535
Model_C,0.025294433944223302,0.3112501545435361,0.5425097127096261,-0.23125955816609,0.23125955816609,0.05348098324317517,-0.8033747329803367
Model_C,0.025294433944223302,3.0788808084552377,2.6353049347212854,0.44357587373395235,0.44357587373395235,0.19675955575883924,1.5409423590682396
Model_C,0.025294433944223302,1.1195749114345768,1.4627011243966554,-0.3431262129620787,0.3431262129620787,0.11773559802169777,-1.1919893469613334
Model_C,0.025294433944223302,-0.12791759148076653,-0.0263686692324423,-0.10154892224832424,0.10154892224832424,0.0103121836097962,-0.3527717467880683
Model_C,0.025294433944223302,-0.9555404406004258,-1.0801268147706662,0.12458637417024043,0.12458637417024043,0.015521764628887153,0.43280176558203565
Model_C,0.025294433944223302,-1.6064463202575725,-1.4166117604256871,-0.18983455983188535,0.18983455983188535,0.03603716010656566,-0.6594680454498213
Model_C,0.025294433944223302,0.2034636358672231,0.8846714932085418,-0.6812078573413187,0.6812078573413187,0.46404414490355045,-2.366454320139472
Model_C,0.025294433944223302,-0.7563507452843033,-0.7017908687667548,-0.05455987651754857,0.05455987651754857,0.0029767801256101473,-0.1895360631850973
Model_C,0.025294433944223302,-1.4222537095976742,-1.3477875337075733,-0.07446617589010085,0.07446617589010085,0.005545211351695437,-0.2586887419754168
Model_C,0.025294433944223302,-0.6465728842425266,-0.7843811541045997,0.13780826986207317,0.13780826986207317,0.018991119242377986,0.4787334321698063
Model_C,0.025294433944223302,-1.081548003614395,-1.3365013144538325,0.2549533108394375,0.2549533108394375,0.06500119070799085,0.8856846810672471
Model_C,0.025294433944223302,1.6871416350725648,1.9362423800358384,-0.2491007449632736,0.2491007449632736,0.062051181141257884,-0.8653533979613779
Model_C,0.025294433944223302,0.8816397569494505,0.6248146091767903,0.2568251477726602,0.2568251477726602,0.06595915652844875,0.8921872728231757
Model_C,0.025294433944223302,-0.007972641316617372,0.013497229849200367,-0.02146987116581774,0.02146987116581774,0.000460955367876812,-0.07458438540548164
Model_C,0.025294433944223302,1.4799441388900259,1.3366469048604908,0.1432972340295351,0.1432972340295351,0.02053409728051535,0.497801595913362
Model_C,0.025294433944223302,0.0773683076476183,0.22106225537153584,-0.14369394772391753,0.14369394772391753,0.020647950612483944,-0.49917974331112375
Model_C,0.025294433944223302,-0.8612842013282637,-0.7611855697421792,-0.10009863158608445,0.10009863158608445,0.010019736045406664,-0.34773356854903537
Model_C,0.025294433944223302,1.5231240772696573,1.834386060547027,-0.31126198327736976,0.31126198327736976,0.09688402223376161,-1.0812959026878124
Model_C,0.025294433944223302,0.5389100436846587,0.38590512402823457,0.1530049196564241,0.1530049196564241,0.023410505439068793,0.5315252154264541
Model_C,0.025294433944223302,-1.0372461543264564,-1.1182086349144678,0.08096248058801137,0.08096248058801137,0.006554923262964117,0.28125631536970014
Model_C,0.025294433944223302,-0.1903386780836082,-0.4839677928183004,0.2936291147346922,0.2936291147346922,0.08621805701987904,1.0200409164313002
Model_C,0.025294433944223302,-0.8756182533847572,-1.0089062314075907,0.13328797802283354,0.13328797802283354,0.01776568508541536,0.4630303482491226
Model_C,0.025294433944223302,-1.382799730964336,-1.2696095830508805,-0.11319014791345561,0.11319014791345561,0.01281200958466996,-0.39321230904829707
Model_C,0.025294433944223302,0.9261775475316414,1.153274132525247,-0.22709658499360552,0.22709658499360552,0.0515728589157579,-0.7889129417040295
Model_C,0.025294433944223302,1.9094166404701305,1.6327670432168429,0.27664959725328764,0.27664959725328764,0.07653499966040625,0.9610556125116174
Model_C,0.025294433944223302,-1.3985675738191412,-1.137685797787443,-0.26088177603169815,0.26088177603169815,0.06805930106545312,-0.9062796315142033
Model_C,0.025294433944223302,0.5629692366905709,0.9696605943320562,-0.40669135764148534,0.40669135764148534,0.16539786038027454,-1.4128088950856919
Model_C,0.025294433944223302,-0.6506425691218269,-0.5266120981547167,-0.12403047096711028,0.12403047096711028,0.015383557728323187,-0.4308706082672022
Model_C,0.025294433944223302,-0.48712538376469605,0.07591336000272375,-0.5630387437674198,0.5630387437674198,0.3170126269831942,-1.9559455359110913
Model_C,0.025294433944223302,-0.5923939242388692,-0.8245306839699411,0.23213675973107195,0.23213675973107195,0.05388747521844143,0.8064220516668629
Model_C,0.025294433944223302,-0.863990769679816,-1.237387180673241,0.373396410993425,0.373396410993425,0.13942487974277076,1.2971452698280086
Model_C,0.025294433944223302,0.04852162794482699,-0.4850944467264566,0.5336160746712836,0.5336160746712836,0.2847461151475889,1.8537338517060176
Model_C,0.025294433944223302,-0.8309501164110378,-0.38213682296428286,-0.4488132934467549,0.4488132934467549,0.20143337237452294,-1.559136680187961
Model_C,0.025294433944223302,0.2704568257798388,0.4667665226860561,-0.1963096969062173,0.1963096969062173,0.0385374970994109,-0.6819620844394075
Model_C,0.025294433944223302,-0.05023810944913695,-0.06691351072227347,0.01667540127313652,0.01667540127313652,0.00027806900762012305,0.05792883179135289
Model_C,0.025294433944223302,-0.23894804686640975,-0.15495745897046365,-0.0839905878959461,0.0839905878959461,0.007054418855106648,-0.29177568554942135
Model_C,0.025294433944223302,-0.9075636620415979,-1.2452103762311109,0.337646714189513,0.337646714189513,0.11400530360297466,1.1729540651412649
